화면	action	method	forward	JSP	판정
jldbnf00000	login.do		/example/welcome.jsp	/example/welcome.jsp	⭐b
jldbnf00000	login.do		/example/welcome.jsp	/example/welcome.jsp	⭐b
jldbnf00600	newPrint.do		reportPostResult		c
jldbnf35000	newPrint.do	checkMktHoldy_calc	reportPostResult		c
jldbnf55201	newPrint.do		reportPostResult		c
jldbnf90002	newPrint.do		reportPostResult		c
jlddst10400	chart.do		JLDFIL20400_i0	/company/JLDFIL20400_i0.jsp	c
jlddst10400	chart.do		JLDFIL20400_i0	/company/JLDFIL20400_i0.jsp	c
jlddst60205	chart.do		JLDFIL20400_i0	/company/JLDFIL20400_i0.jsp	c
jlddst60205	chart.do		JLDFIL20400_i0	/company/JLDFIL20400_i0.jsp	c
jldfil00000	disclosurereg.do		JLDFIL00005	/submission/JLDFIL00005.jsp	⭐b
jldfil00001	disclosurereg.do		JLDFIL00005	/submission/JLDFIL00005.jsp	⭐b
jldfil00003	disclosurereg.do		JLDFIL00005	/submission/JLDFIL00005.jsp	⭐b
jldfil00010	submitCertificate.do		JLDFIL00012	/submission/JLDFIL00012.jsp	⭐b
jldfil00011	disclosurereg.do		JLDFIL00005	/submission/JLDFIL00005.jsp	⭐b
jldfil00016	disclosurereg.do		JLDFIL00005	/submission/JLDFIL00005.jsp	⭐b
jldfil00021	disclosurereg.do		JLDFIL00005	/submission/JLDFIL00005.jsp	⭐b
jldfil00022	disclosurereg.do		JLDFIL00005	/submission/JLDFIL00005.jsp	⭐b
jldfil00023	disclosurereg.do		JLDFIL00005	/submission/JLDFIL00005.jsp	⭐b
jldfil00025	disclosurereg.do		JLDFIL00005	/submission/JLDFIL00005.jsp	⭐b
jldfil00027	disclosurereg.do		JLDFIL00005	/submission/JLDFIL00005.jsp	⭐b
jldfil00028	disclosurereg.do		JLDFIL00005	/submission/JLDFIL00005.jsp	⭐b
jldfil00030	submitCertificate.do		JLDFIL00012	/submission/JLDFIL00012.jsp	⭐b
jldfil00034	disclosurereg.do		JLDFIL00005	/submission/JLDFIL00005.jsp	⭐b
jldfil00041	disclosurereg.do		JLDFIL00005	/submission/JLDFIL00005.jsp	⭐b
jldfil00047	disclosurereg.do		JLDFIL00005	/submission/JLDFIL00005.jsp	⭐b
jldfil00101	disclosurereg.do		JLDFIL00005	/submission/JLDFIL00005.jsp	⭐b
jldfil00101	disclosurereg.do		JLDFIL00005	/submission/JLDFIL00005.jsp	⭐b
jldfil00120	disclosurereg.do		JLDFIL00005	/submission/JLDFIL00005.jsp	⭐b
jldfil00150	disclosurereg.do		JLDFIL00005	/submission/JLDFIL00005.jsp	⭐b
jldfil00170	disclosurereg.do		JLDFIL00005	/submission/JLDFIL00005.jsp	⭐b
jldfil00200	disclosurereg.do		JLDFIL00005	/submission/JLDFIL00005.jsp	⭐b
jldfil00300	disclosurereg.do		JLDFIL00005	/submission/JLDFIL00005.jsp	⭐b
jldfil00500	othersubmit.do		JLDFIL00015	/submission/JLDFIL00015.jsp	⭐b
jldfil01000	disclosurereg.do		JLDFIL00005	/submission/JLDFIL00005.jsp	⭐b
jldfil01030	disclosurereg.do		JLDFIL00005	/submission/JLDFIL00005.jsp	⭐b
jldfil01050	disclosurereg.do		JLDFIL00005	/submission/JLDFIL00005.jsp	⭐b
jldfil01082	disclosurereg.do		JLDFIL00005	/submission/JLDFIL00005.jsp	⭐b
jldfil01083	disclosurereg.do		JLDFIL00005	/submission/JLDFIL00005.jsp	⭐b
jldfil05000	prelistPage.do	prelistPageSub	JLDFIL05000	/list/JLDFIL05000.jsp	⭐a
jldfil05000	prelistPage.do	prelistPageDelete	JLDFIL05000	/list/JLDFIL05000.jsp	⭐a
jldfil05100	disclosurereg.do		JLDFIL00005	/submission/JLDFIL00005.jsp	⭐b
jldfil05102	disclosurereg.do		JLDFIL00005	/submission/JLDFIL00005.jsp	⭐b
jldfil05103	listShrs.do	searchListShrs	JLDFIL55200	/listInvstg/JLDFIL55200.jsp	⭐b
jldfil05105	stockDutyPopup.do	insertStockDuty	/JLDFIL05105.jsp	/JLDFIL05105.jsp	⭐a
jldfil05105	stockDutyPopup.do	deleteStockDuty	/JLDFIL05105.jsp	/JLDFIL05105.jsp	⭐a
jldfil05106	stockDutyExerPopup.do	insertStockDutyExer	/JLDFIL05106.jsp	/JLDFIL05106.jsp	⭐a
jldfil05106	stockDutyExerPopup.do	deleteStockDutyExer	/JLDFIL05106.jsp	/JLDFIL05106.jsp	⭐a
jldfil05106	stockDutyExerPopup.do		/JLDFIL05106.jsp	/JLDFIL05106.jsp	⭐a
jldfil05107	listAdjReq.do	insertListAdjReq	/JLDFIL05107.jsp	/JLDFIL05107.jsp	⭐a
jldfil05503	irData.do	searchIRData	JLDFIL21210	/company/JLDFIL21210.jsp	⭐b
jldfil05503	irData.do	searchIRDataDetail	JLDFIL21211	/company/JLDFIL21211.jsp	⭐b
jldfil05504	irData.do	searchIRData	JLDFIL21210	/company/JLDFIL21210.jsp	⭐b
jldfil05505	irData.do	searchIRData	JLDFIL21210	/company/JLDFIL21210.jsp	⭐b
jldfil05505	irData.do	modifyIRDataForm	JLDFIL05506	/list/JLDFIL05506.jsp	⭐b
jldfil05506	irData.do	searchIRData	JLDFIL21210	/company/JLDFIL21210.jsp	⭐b
jldfil05506	irData.do	modifyIRData	JLDFIL21212	/company/JLDFIL21212.jsp	⭐b
jldfil11000	disclsConsult.do	disclsConsultApplList	JLDFIL11000	/status/JLDFIL11000.jsp	⭐a
jldfil11000	disclsConsult.do	disclsConsultAppl	JLDFIL11010	/status/JLDFIL11010.jsp	⭐b
jldfil11000	disclsConsult.do	disclsConsultAppl	JLDFIL11010	/status/JLDFIL11010.jsp	⭐b
jldfil11010	disclsConsult.do	disclsConsultApplList	JLDFIL11000	/status/JLDFIL11000.jsp	⭐b
jldfil11010	disclsConsult.do	disclsConsultFileDown	JLDFIL11033	/status/JLDFIL11033.jsp	⭐b
jldfil11010	disclsConsult.do	getDisclsConsultApplId	JLDFIL11030	/status/JLDFIL11030.jsp	⭐b
jldfil11010	disclsConsult.do	getDisclsConsultOtherData	JLDFIL11034	/status/JLDFIL11034.jsp	⭐b
jldfil11010	disclsConsult.do	disclsConsultAttachFileDel	JLDFIL11031	/status/JLDFIL11031.jsp	⭐b
jldfil11040	disclsConsult.do	disclsConsultApplList	JLDFIL11000	/status/JLDFIL11000.jsp	⭐b
jldfil11040	disclsConsult.do	disclsConsultFileDown	JLDFIL11033	/status/JLDFIL11033.jsp	⭐b
jldfil11040	disclsConsult.do	disclsConsultAttachFileList	JLDFIL11032	/status/JLDFIL11032.jsp	⭐b
jldfil11040	disclsConsult.do	getDisclsConsultOtherData	JLDFIL11034	/status/JLDFIL11034.jsp	⭐b
jldfil11050	disclsConsult.do	disclsConsultProcsList	JLDFIL11050	/status/JLDFIL11050.jsp	⭐a
jldfil11050	disclsConsult.do	disclsConsultProcsView	JLDFIL11060	/status/JLDFIL11060.jsp	⭐b
jldfil11060	disclsConsult.do	disclsConsultProcsList	JLDFIL11050	/status/JLDFIL11050.jsp	⭐b
jldfil11060	disclsConsult.do	disclsConsultAttachFileList	JLDFIL11032	/status/JLDFIL11032.jsp	⭐b
jldfil11060	disclsConsult.do	getDisclsConsultOtherData	JLDFIL11034	/status/JLDFIL11034.jsp	⭐b
jldfil11060	disclsConsult.do	disclsConsultMultiAttachFileDel	JLDFIL11031	/status/JLDFIL11031.jsp	⭐b
jldfil11070	disclsConsult.do	disclsConsultCompltList	JLDFIL11070	/status/JLDFIL11070.jsp	⭐a
jldfil11070	disclsConsult.do	disclsConsultCompltView	JLDFIL11080	/status/JLDFIL11080.jsp	⭐b
jldfil11080	disclsConsult.do	disclsConsultCompltList	JLDFIL11070	/status/JLDFIL11070.jsp	⭐b
jldfil11080	disclsConsult.do	disclsConsultAttachFileList	JLDFIL11032	/status/JLDFIL11032.jsp	⭐b
jldfil11080	disclsConsult.do	getDisclsConsultOtherData	JLDFIL11034	/status/JLDFIL11034.jsp	⭐b
jldfil11080	disclsConsult.do	disclsConsultMultiAttachFileDel	JLDFIL11031	/status/JLDFIL11031.jsp	⭐b
jldfil15300	law.do	searchLawItem	JLDFIL15301	/support/JLDFIL15301.jsp	⭐b
jldfil15300	law.do	searchLawByKeyword	JLDFIL15303	/support/JLDFIL15303.jsp	⭐b
jldfil15301	popLaw.do	viewLawItemTemplete	JLDFIL15302	/support/JLDFIL15302.jsp	⭐b
jldfil15301	popLaw.do	viewAddRule	JLDFIL15304	/support/JLDFIL15304.jsp	⭐b
jldfil15303	popLaw.do	viewLawItemTemplete	JLDFIL15302	/support/JLDFIL15302.jsp	⭐b
jldfil15303	law.do	searchLawByKeyword	JLDFIL15303	/support/JLDFIL15303.jsp	⭐a
jldfil15400	sysInfo.do	searchSysInfo	JLDFIL15400	/support/JLDFIL15400.jsp	⭐a
jldfil15500	issueData.do	searchIssueData	JLDFIL15500	/support/JLDFIL15500.jsp	⭐a
jldfil15600	brief.do	searchBriefList	JLDFIL15600	/support/JLDFIL15600.jsp	⭐a
jldfil16100	question.do		JLDFIL16100	/support/JLDFIL16100.jsp	⭐a
jldfil16200	poll.do	registerPoll	JLDFIL16200_i0	/support/JLDFIL16200_i0.jsp	c
jldfil16201	poll.do	registerPollForm	JLDFIL16200	/support/JLDFIL16200.jsp	⭐b
jldfil16202	poll.do	searchPoll	JLDFIL16202	/support/JLDFIL16202.jsp	⭐a
jldfil16202	poll.do	registerPollForm	JLDFIL16200	/support/JLDFIL16200.jsp	⭐b
jldfil16300	faq.do	searchFAQ	JLDFIL16300	/support/JLDFIL16300.jsp	⭐a
jldfil16300	faq.do	searchFAQ	JLDFIL16300	/support/JLDFIL16300.jsp	⭐a
jldfil16301	faq.do	searchFAQ	JLDFIL16300	/support/JLDFIL16300.jsp	⭐b
jldfil16301	faq.do	searchFAQ	JLDFIL16300	/support/JLDFIL16300.jsp	⭐b
jldfil16400n	eduRspn.do	educationResponsibilityForm	JLDFIL16403	/support/JLDFIL16403.jsp	⭐b
jldfil16401	education.do	searchSaveEducationList	JLDFIL16401	/support/JLDFIL16401.jsp	⭐a
jldfil16401	eduRspn.do	findEducationResponsibilityDetail	JLDFIL16403	/support/JLDFIL16403.jsp	⭐b
jldfil16401	eduChrg.do	findEducationChargeDetail	JLDFIL16404	/support/JLDFIL16404.jsp	⭐b
jldfil16402	education.do	searchSubmitEducationList	JLDFIL16402	/support/JLDFIL16402.jsp	⭐a
jldfil16402	eduRspn.do	findEducationResponsibilityDetail	JLDFIL16403	/support/JLDFIL16403.jsp	⭐b
jldfil16402	eduChrg.do	findEducationChargeDetail	JLDFIL16404	/support/JLDFIL16404.jsp	⭐b
jldfil16402	education.do	findEducationEtcDetail	JLDFIL16405	/support/JLDFIL16405.jsp	⭐b
jldfil16406	educationFee.do	searchEduFeeList	JLDFIL16406	/support/JLDFIL16406.jsp	⭐a
jldfil16406	newPrint.do		reportPostResult		c
jldfil16406	educationFee.do	searchEduFeeList	JLDFIL16406	/support/JLDFIL16406.jsp	⭐a
jldfil16406	educationFee.do	searchEduCompleteList	JLDFIL16407	/support/JLDFIL16407.jsp	⭐b
jldfil16407	educationFee.do	searchEduCompleteList	JLDFIL16407	/support/JLDFIL16407.jsp	⭐a
jldfil16407	educationFee.do	searchEduFeeList	JLDFIL16406	/support/JLDFIL16406.jsp	⭐b
jldfil16407	educationFee.do	searchEduCompleteList	JLDFIL16407	/support/JLDFIL16407.jsp	⭐a
jldfil16407	newPrint.do		reportPostResult		c
jldfil16601	comSprtSvc.do	comSprtSvcApplList	JLDFIL16601	/support/JLDFIL16601.jsp	⭐a
jldfil16602	comSprtSvc.do	comSprtSvcApplList	JLDFIL16601	/support/JLDFIL16601.jsp	⭐b
jldfil16603	comSprtSvc.do	comSprtSvcApplList	JLDFIL16601	/support/JLDFIL16601.jsp	⭐b
jldfil16604	comSprtSvc.do	comSprtSvcApplDtlList	JLDFIL16604	/support/JLDFIL16604.jsp	⭐a
jldfil16605	comSprtSvc.do	comSprtSvcApplDtlList	JLDFIL16604	/support/JLDFIL16604.jsp	⭐b
jldfil16606	comSprtSvc.do	comSprtSvcApplDtlList	JLDFIL16604	/support/JLDFIL16604.jsp	⭐b
jldfil16607	comSprtSvc.do	comSprtSvcRsltInqList	JLDFIL16607	/support/JLDFIL16607.jsp	⭐a
jldfil16608	comSprtSvc.do	comSprtSvcRsltInqList	JLDFIL16607	/support/JLDFIL16607.jsp	⭐b
jldfil16609	comSprtSvc.do	comSprtSvcRsltInqList	JLDFIL16607	/support/JLDFIL16607.jsp	⭐b
jldfil16609	newPrint.do		reportPostResult		c
jldfil16611	comSprtSvc.do	comSprtSvcResoroomList	JLDFIL16611	/support/JLDFIL16611.jsp	⭐a
jldfil16611	comSprtSvc.do	comSprtSvcResoroomView	JLDFIL16612	/support/JLDFIL16612.jsp	⭐b
jldfil16612	comSprtSvc.do	comSprtSvcResoroomList	JLDFIL16611	/support/JLDFIL16611.jsp	⭐b
jldfil16800	checkPoint.do	searchCheckPoint	JLDFIL16800	/support/JLDFIL16800.jsp	⭐a
jldfil16800	checkPoint.do	searchCheckPointDetail	JLDFIL16801	/support/JLDFIL16801.jsp	⭐b
jldfil16801	checkPoint.do	searchCheckPoint	JLDFIL16800	/support/JLDFIL16800.jsp	⭐b
jldfil17000	workExample.do	searchWorkExample	JLDFIL17000	/support/JLDFIL17000.jsp	⭐a
jldfil17000	workExample.do	searchWorkExampleDetail	JLDFIL17001	/support/JLDFIL17001.jsp	⭐b
jldfil17001	workExample.do	searchWorkExample	JLDFIL17000	/support/JLDFIL17000.jsp	⭐b
jldfil17100	qna.do	searchQnaResult	JLDFIL17101	/support/JLDFIL17101.jsp	⭐b
jldfil17100	qna.do	searchQnaApply	JLDFIL17100	/support/JLDFIL17100.jsp	⭐a
jldfil17101	qna.do	searchQnaApply	JLDFIL17100	/support/JLDFIL17100.jsp	⭐b
jldfil17101	qna.do	searchQnaResult	JLDFIL17101	/support/JLDFIL17101.jsp	⭐a
jldfil17101	qna.do	searchQnaResult	JLDFIL17101	/support/JLDFIL17101.jsp	⭐a
jldfil17101	qna.do	searchQnaResultDetail	JLDFIL17102	/support/JLDFIL17102.jsp	⭐b
jldfil17102	qna.do	searchQnaResult	JLDFIL17101	/support/JLDFIL17101.jsp	⭐b
jldfil17200	basicPopup.do	popupFileDown	basicPopup	/common/basicPopup.jsp	⭐b
jldfil17300	qna.do	writeQna	JLDFIL17301	/support/JLDFIL17301.jsp	⭐b
jldfil17300	qna.do	searchQnaList	JLDFIL17300	/support/JLDFIL17300.jsp	⭐a
jldfil17300	qna.do	searchQnaView	JLDFIL17302	/support/JLDFIL17302.jsp	⭐b
jldfil17301	qna.do	searchQnaList	JLDFIL17300	/support/JLDFIL17300.jsp	⭐b
jldfil17302	qna.do	searchQnaList	JLDFIL17300	/support/JLDFIL17300.jsp	⭐b
jldfil17302	qna.do	modifyQna	JLDFIL17301	/support/JLDFIL17301.jsp	⭐b
jldfil18000	outDir.do	insertOutDir	JLDFIL18000		c
jldfil20500	companyChange.do	searchCompanyChange	JLDFIL20500	/company/JLDFIL20500.jsp	⭐a
jldfil21100	linkDisclsAppl.do	searchLinkDisclsApplList	JLDFIL21100	/company/JLDFIL21100.jsp	⭐a
jldfil21100	linkDisclsAppl.do	linkDisclsApplRegisterForm	JLDFIL21101	/company/JLDFIL21101.jsp	⭐b
jldfil21100	linkDisclsAppl.do	linkDisclsApplModifyForm	JLDFIL21102	/company/JLDFIL21102.jsp	⭐b
jldfil21100	linkDisclsAppl.do	linkDisclsApplRemoveForm	JLDFIL21103	/company/JLDFIL21103.jsp	⭐b
jldfil21101	linkDisclsAppl.do	registerLinkDisclsAppl	/linkDisclsAppl.do?method=linkDisclsApplRegisterForm&amp;registerComplete=Y		c
jldfil21101	linkDisclsAppl.do	registerLinkDisclsAppl	/linkDisclsAppl.do?method=linkDisclsApplRegisterForm&amp;registerComplete=Y		c
jldfil21102	linkDisclsAppl.do	modifyLinkDisclsAppl	/linkDisclsAppl.do?method=linkDisclsApplModifyForm&amp;modifyComplete=Y		c
jldfil21103	linkDisclsAppl.do	removeLinkDisclsAppl	/linkDisclsAppl.do?method=linkDisclsApplRemoveForm&amp;removeComplete=Y		c
jldfil21110	linkDisclsAppl.do	searchLinkDisclsCompanyList	JLDFIL21110	/company/JLDFIL21110.jsp	⭐a
jldfil21111	linkDisclsAppl.do	searchLinkDisclsCompanyHistory	JLDFIL21111	/company/JLDFIL21111.jsp	⭐a
jldfil21200	irData.do	applIRData	JLDFIL21212	/company/JLDFIL21212.jsp	⭐b
jldfil21210	irData.do	searchIRData	JLDFIL21210	/company/JLDFIL21210.jsp	⭐a
jldfil21210	irData.do	searchIRDataDetail	JLDFIL21211	/company/JLDFIL21211.jsp	⭐b
jldfil21211	irData.do	searchIRData	JLDFIL21210	/company/JLDFIL21210.jsp	⭐b
jldfil21212	irDiscls.do	searchIRDiscls	JLDFIL21200	/company/JLDFIL21200.jsp	⭐b
jldfil22110	disclsConsult.do	disclsConsultApplList	JLDFIL11000	/status/JLDFIL11000.jsp	⭐b
jldfil22110	realInvstg.do	getRealInvstgProcsNo	JLDFIL22130	/company/JLDFIL22130.jsp	⭐b
jldfil25100	personalReport.do	modifyPersonalReport	/personalReport.do?method=searchPersonalReport&amp;modifyComplete=Y		c
jldfil25101	corpDiscls.do	modifyCorpDisclsChrg	/corpDiscls.do?method=searchCorpDisclsChrg&amp;modifyComplete=Y		c
jldfil25102	corpDiscls.do	modifyElwCorpDisclsChrg	/corpDiscls.do?method=searchElwCorpDisclsChrg&amp;modifyComplete=Y		c
jldfil25102	corpDiscls.do	modifyElwCorpDisclsChrg	/corpDiscls.do?method=searchElwCorpDisclsChrg&amp;modifyComplete=Y		c
jldfil25103	voteDiscls.do	modifyVotedisclsSubmitprn	/voteDiscls.do?method=searchVotedisclsSubmitprn&amp;modifyComplete=Y		c
jldfil25104	corpDiscls.do	modifyElwLiquidDisclsChrg	/corpDiscls.do?method=searchElwLiquidDisclsChrg&amp;modifyComplete=Y		c
jldfil25104	corpDiscls.do	modifyElwLiquidDisclsChrg	/corpDiscls.do?method=searchElwLiquidDisclsChrg&amp;modifyComplete=Y		c
jldfil25106	corpDiscls.do	modifyETFDisclsChrg	/corpDiscls.do?method=searchETFDisclsChrg&amp;modifyComplete=Y		c
jldfil25106	corpDiscls.do	modifyETFDisclsChrg	/corpDiscls.do?method=searchETFDisclsChrg&amp;modifyComplete=Y		c
jldfil25106	newPrint.do		reportPostResult		c
jldfil25107	corpDiscls.do	modifyBondDisclsChrg	/corpDiscls.do?method=searchBondDisclsChrg&amp;modifyComplete=Y		c
jldfil25107	corpDiscls.do	modifyBondDisclsChrg	/corpDiscls.do?method=searchBondDisclsChrg&amp;modifyComplete=Y		c
jldfil25107	newPrint.do		reportPostResult		c
jldfil25110	corpDiscls.do	modifyETNCorpDisclsChrg	/corpDiscls.do?method=searchETNCorpDisclsChrg&amp;modifyComplete=Y		c
jldfil25110	corpDiscls.do	modifyETNCorpDisclsChrg	/corpDiscls.do?method=searchETNCorpDisclsChrg&amp;modifyComplete=Y		c
jldfil25111	corpDiscls.do	modifyETNLiquidDisclsChrg	/corpDiscls.do?method=searchETNLiquidDisclsChrg&amp;modifyComplete=Y		c
jldfil25111	corpDiscls.do	modifyETNLiquidDisclsChrg	/corpDiscls.do?method=searchETNLiquidDisclsChrg&amp;modifyComplete=Y		c
jldfil25112	corpDiscls.do	modifyMktOrganizerDisclsChrg	/corpDiscls.do?method=searchCorpDisclsChrg&amp;modifyComplete=Y		c
jldfil25112	corpDiscls.do	modifyMktOrganizerDisclsChrg	/corpDiscls.do?method=searchCorpDisclsChrg&amp;modifyComplete=Y		c
jldfil25113	corpDiscls.do	modifyDigitalCorpDisclsChrg	/corpDiscls.do?method=searchDigitalCorpDisclsChrg&amp;modifyComplete=Y		c
jldfil25114	corpDiscls.do	modifyPFDisclsChrg	/corpDiscls.do?method=searchPFDisclsChrg&amp;modifyComplete=Y		c
jldfil25114	corpDiscls.do	modifyPFDisclsChrg	/corpDiscls.do?method=searchPFDisclsChrg&amp;modifyComplete=Y		c
jldfil25114	newPrint.do		reportPostResult		c
jldfil25200	login.do		/example/welcome.jsp	/example/welcome.jsp	⭐b
jldfil25200	checkSafety.do		sendResult	/main/sendResult.jsp	⭐b
jldfil25400	note.do	deleteNote	/note.do?method=searchNote		c
jldfil25600	realsubmInfo.do	deleteRealsubmInfo	JLDFIL25600	/account/JLDFIL25600.jsp	⭐a
jldfil25600	realsubmInfo.do		JLDFIL25600	/account/JLDFIL25600.jsp	⭐a
jldfil25710	advceComInfo.do	advceComApplList	JLDFIL25720	/account/JLDFIL25720.jsp	⭐b
jldfil25800	subcom.do	modifyBascomInfo	/subcom.do?method=searchSubcomList&amp;modifyBasInfoComplete=Y		c
jldfil25800	subcom.do	modifySubcomInfo	/subcom.do?method=searchSubcomList&amp;modifySubInfoComplete=Y		c
jldfil25900	dividendBaseDate.do	dividendDateModifiy	JLDFIL25910	/account/JLDFIL25910.jsp	⭐b
jldfil25900	dividendBaseDate.do	dividendDateModifiy	JLDFIL25910	/account/JLDFIL25910.jsp	⭐b
jldfil25900	dividendBaseDate.do	getCheckModifiyDate	JLDFIL25911	/account/JLDFIL25911.jsp	⭐b
jldfil25910	dividendBaseDate.do	dividendDateList	JLDFIL25900	/account/JLDFIL25900.jsp	⭐b
jldfil25910	dividendBaseDate.do	getCheckModifiyDate	JLDFIL25911	/account/JLDFIL25911.jsp	⭐b
jldfil30100	newPrint.do		reportPostResult		c
jldfil30105	newPrint.do		reportPostResult		c
jldfil30202	newPrint.do		reportPostResult		c
jldfil30301	certificatenolist.do	registerCertificateNoList	JLDFIL30301	/issue/JLDFIL30301.jsp	⭐a
jldfil30401	IRroom.do	searchIRroomResv	JLDFIL30401	/issue/JLDFIL30401.jsp	⭐a
jldfil30401	IRroom.do	searchIRroomResv	JLDFIL30401	/issue/JLDFIL30401.jsp	⭐a
jldfil30401	IRroom.do	goIRroomResv	JLDFIL30402	/issue/JLDFIL30402.jsp	⭐b
jldfil30402	IRroom.do	searchIRroomResv	JLDFIL30401	/issue/JLDFIL30401.jsp	⭐b
jldfil30402	IRroom.do	marketSquareReservChk	/JLDFIL30408.jsp	/JLDFIL30408.jsp	⭐b
jldfil30403	IRroom.do	searchMainMeetingroomResv	JLDFIL30403	/issue/JLDFIL30403.jsp	⭐a
jldfil30403	IRroom.do	searchMainMeetingroomResv	JLDFIL30403	/issue/JLDFIL30403.jsp	⭐a
jldfil30403	IRroom.do	goMainMeetingroomResv	JLDFIL30404	/issue/JLDFIL30404.jsp	⭐b
jldfil30404	IRroom.do	searchMainMeetingroomResv	JLDFIL30403	/issue/JLDFIL30403.jsp	⭐b
jldfil30404	IRroom.do	marketSquareReservChk	/JLDFIL30408.jsp	/JLDFIL30408.jsp	⭐b
jldfil30406	IRroom.do	searchSmartBzCenterResv	JLDFIL30406	/issue/JLDFIL30406.jsp	⭐a
jldfil30406	IRroom.do	searchSmartBzCenterResv	JLDFIL30406	/issue/JLDFIL30406.jsp	⭐a
jldfil30406	IRroom.do	goSmartBzCenterResv	JLDFIL30407	/issue/JLDFIL30407.jsp	⭐b
jldfil30407	IRroom.do	searchSmartBzCenterResv	JLDFIL30406	/issue/JLDFIL30406.jsp	⭐b
jldfil30407	IRroom.do	marketSquareReservChk	/JLDFIL30408.jsp	/JLDFIL30408.jsp	⭐b
jldfil30409	IRroom.do	searchIRroomResv	JLDFIL30401	/issue/JLDFIL30401.jsp	⭐b
jldfil30409	IRroom.do	goIRroomResv	JLDFIL30402	/issue/JLDFIL30402.jsp	⭐b
jldfil30501	telReqNote.do	searchNoteState	JLDFIL30501	/issue/JLDFIL30501.jsp	⭐a
jldfil30600	lecrDipt.do	writeLecrDipt	JLDFIL30602	/issue/JLDFIL30602.jsp	⭐b
jldfil30601	lecrDipt.do	writeLecrDipt	JLDFIL30602	/issue/JLDFIL30602.jsp	⭐b
jldfil30601	lecrDipt.do	searchLecrDipt	JLDFIL30601	/issue/JLDFIL30601.jsp	⭐a
jldfil30601	lecrDipt.do	modifyLecrDipt	JLDFIL30604	/issue/JLDFIL30604.jsp	⭐b
jldfil30602	lecrDipt.do	searchLecrDipt	JLDFIL30601	/issue/JLDFIL30601.jsp	⭐b
jldfil30603	lecrDipt.do	searchLecrDipt	JLDFIL30601	/issue/JLDFIL30601.jsp	⭐b
jldfil30603	lecrDipt.do	modifyLecrDipt	JLDFIL30604	/issue/JLDFIL30604.jsp	⭐b
jldfil30604	lecrDipt.do	searchLecrDipt	JLDFIL30601	/issue/JLDFIL30601.jsp	⭐b
jldfil30800	IRSupport.do	searchIRSupportInfo	JLDFIL30801	/issue/JLDFIL30800.jsp	⭐a
jldfil30800	IRSupport.do	searchIRSupportInfo	JLDFIL30801	/issue/JLDFIL30800.jsp	⭐a
jldfil30800	IRSupport.do	searchIRSupportAppl	JLDFIL30802	/issue/JLDFIL30801.jsp	⭐b
jldfil30801	IRSupport.do	searchIRSupportAppl	JLDFIL30802	/issue/JLDFIL30801.jsp	⭐a
jldfil30801	IRSupport.do	chkReservPosbl	/JLDFIL30801_i0.jsp	/JLDFIL30801_i0.jsp	c
jldfil35400	manual.do	searchSubmitManual	JLDFIL35400	/support/JLDFIL35400.jsp	⭐a
jldfil35400	basicPopup.do	popupFileDown	basicPopup	/common/basicPopup.jsp	⭐b
jldfil35602	updateSchedule.do	updateDisclosureSchedule	JLDFIL35602	/helper/JLDFIL35602.jsp	⭐a
jldfil35706	newPrint.do		reportPostResult		c
jldfil40201	popRegister.do		JLDFIL40211	/register/JLDFIL40211.jsp	⭐b
jldfil40202	newPrint.do		reportPostResult		c
jldfil40207	votediscls.do	registerVotedisclsSubmitprn	register_message	/common/message.jsp	⭐b
jldfil40209	benfcertApct.do	registerBenfcertApct	register_message	/common/message.jsp	⭐b
jldfil40211	popRegister.do		JLDFIL40211	/register/JLDFIL40211.jsp	⭐a
jldfil40300	findId.do	registerIDIssueInformation	JLDFIL40301	/register/JLDFIL40301.jsp	⭐b
jldfil40400	reisuPw.do	passwordReissuanceIdCheck	JLDFIL40400_i0	/register/JLDFIL40400_i0.jsp	c
jldfil40401	newPrint.do		reportPostResult		c
jldfil45000	login.do		/example/welcome.jsp	/example/welcome.jsp	⭐b
jldfil45000	login.do		/example/welcome.jsp	/example/welcome.jsp	⭐b
jldfil45000	login.do		/example/welcome.jsp	/example/welcome.jsp	⭐b
jldfil45201	popFaq.do	popFaqView	JLDFIL16302	/support/JLDFIL16302.jsp	⭐b
jldfil45201	manual.do	popManualView	JLDFIL35401	/support/JLDFIL35401.jsp	⭐b
jldfil45201	popLaw.do	viewLawItemTemplete	JLDFIL15302	/support/JLDFIL15302.jsp	⭐b
jldfil45201	popSysInfo.do	popSysInfoView	JLDFIL15401	/support/JLDFIL15401.jsp	⭐b
jldfil45202	brief.do	popBriefView	JLDFIL15600	/support/JLDFIL15600.jsp	⭐b
jldfil45202	checkPoint.do	popCheckPointView	JLDFIL16802	/support/JLDFIL16802.jsp	⭐b
jldfil45202	workExample.do	popWorkExampleView	JLDFIL17002	/support/JLDFIL17002.jsp	⭐b
jldfil45203	brief.do	popBriefView	JLDFIL15600	/support/JLDFIL15600.jsp	⭐b
jldfil45203	checkPoint.do	popCheckPointView	JLDFIL16802	/support/JLDFIL16802.jsp	⭐b
jldfil45203	workExample.do	popWorkExampleView	JLDFIL17002	/support/JLDFIL17002.jsp	⭐b
jldfil45300	popRegister.do		JLDFIL40211	/register/JLDFIL40211.jsp	⭐b
jldfil50100	clmSchdlNoti.do	chkIsurCd	/JLDFIL50100_i0.jsp	/JLDFIL50100_i0.jsp	c
jldfil50100	clmSchdlNoti.do	chkIsurCd	/JLDFIL50100_i0.jsp	/JLDFIL50100_i0.jsp	c
jldfil50100n	clmSchdlNoti.do	chkIsurCd	/JLDFIL50100_i0.jsp	/JLDFIL50100_i0.jsp	c
jldfil51000	listPrePrtDepo.do	getlistPrePrtDepo	JLDFIL51090	/listInvstg/JLDFIL51090.jsp	⭐b
jldfil51000n	listPrePrtDepo.do	getlistPrePrtDepo	JLDFIL51090	/listInvstg/JLDFIL51090.jsp	⭐b
jldfil51000n	listShrs.do	searchListShrs	JLDFIL55200	/listInvstg/JLDFIL55200.jsp	⭐b
jldfil51000n	newListStkcertIsuStat.do	searchStkcertIsuStat	JLDFIL55310	/listInvstg/JLDFIL55310.jsp	⭐b
jldfil51000n2	listPrePrtDepo.do	getlistPrePrtDepo	JLDFIL51090	/listInvstg/JLDFIL51090.jsp	⭐b
jldfil51000n_menu	listShrs.do	searchListShrs	JLDFIL55200	/listInvstg/JLDFIL55200.jsp	⭐b
jldfil51000n_menu	newListStkcertIsuStat.do	searchStkcertIsuStat	JLDFIL55310	/listInvstg/JLDFIL55310.jsp	⭐b
jldfil51000n_menu	listPrePrtDepo.do	getlistPrePrtDepo	JLDFIL51090	/listInvstg/JLDFIL51090.jsp	⭐b
jldfil51090	listPrePrtDepo.do	listPrePrtDepoReg	JLDFIL51090	/listInvstg/JLDFIL51090.jsp	⭐a
jldfil51090	listPrePrtDepo.do	listPrePrtDepoReg	JLDFIL51090	/listInvstg/JLDFIL51090.jsp	⭐a
jldfil51300	bbs.do	writeCommentLetter	JLDFIL51310	/listInvstg/JLDFIL51310.jsp	⭐b
jldfil51300	bbs.do	searchCommentLetterList	JLDFIL51300	/listInvstg/JLDFIL51300.jsp	⭐a
jldfil51300	bbs.do	searchCommentLetterView	JLDFIL51320	/listInvstg/JLDFIL51320.jsp	⭐b
jldfil51300n	bbs.do	writeCommentLetter	JLDFIL51310	/listInvstg/JLDFIL51310.jsp	⭐b
jldfil51300n	bbs.do	searchCommentLetterList	JLDFIL51300	/listInvstg/JLDFIL51300.jsp	⭐b
jldfil51300n	bbs.do	searchCommentLetterView	JLDFIL51320	/listInvstg/JLDFIL51320.jsp	⭐b
jldfil51300n2	bbs.do	writeCommentLetter	JLDFIL51310	/listInvstg/JLDFIL51310.jsp	⭐b
jldfil51300n2	bbs.do	searchCommentLetterList	JLDFIL51300	/listInvstg/JLDFIL51300.jsp	⭐b
jldfil51300n2	bbs.do	searchCommentLetterView	JLDFIL51320	/listInvstg/JLDFIL51320.jsp	⭐b
jldfil51310	bbs.do	searchCommentLetterList	JLDFIL51300	/listInvstg/JLDFIL51300.jsp	⭐b
jldfil51310n	bbs.do	searchCommentLetterList	JLDFIL51300	/listInvstg/JLDFIL51300.jsp	⭐b
jldfil51310n2	bbs.do	searchCommentLetterList	JLDFIL51300	/listInvstg/JLDFIL51300.jsp	⭐b
jldfil51320	bbs.do	searchCommentLetterList	JLDFIL51300	/listInvstg/JLDFIL51300.jsp	⭐b
jldfil51320	bbs.do	modifyCommentLetter	JLDFIL51310	/listInvstg/JLDFIL51310.jsp	⭐b
jldfil51320	bbs.do	writeCommentLetter	JLDFIL51310	/listInvstg/JLDFIL51310.jsp	⭐b
jldfil51320	bbs.do	writeCommentLetter	JLDFIL51310	/listInvstg/JLDFIL51310.jsp	⭐b
jldfil51320n	bbs.do	searchCommentLetterList	JLDFIL51300	/listInvstg/JLDFIL51300.jsp	⭐b
jldfil51320n	bbs.do	modifyCommentLetter	JLDFIL51310	/listInvstg/JLDFIL51310.jsp	⭐b
jldfil51320n	bbs.do	writeCommentLetter	JLDFIL51310	/listInvstg/JLDFIL51310.jsp	⭐b
jldfil51320n	bbs.do	writeCommentLetter	JLDFIL51310	/listInvstg/JLDFIL51310.jsp	⭐b
jldfil51320n2	bbs.do	searchCommentLetterList	JLDFIL51300	/listInvstg/JLDFIL51300.jsp	⭐b
jldfil51320n2	bbs.do	modifyCommentLetter	JLDFIL51310	/listInvstg/JLDFIL51310.jsp	⭐b
jldfil51320n2	bbs.do	writeCommentLetter	JLDFIL51310	/listInvstg/JLDFIL51310.jsp	⭐b
jldfil51320n2	bbs.do	writeCommentLetter	JLDFIL51310	/listInvstg/JLDFIL51310.jsp	⭐b
jldfil53000	pubOfrSchdl.do	searchPubOfrSchdl	JLDFIL53100	/listInvstg/JLDFIL53100.jsp	⭐b
jldfil53000	cap.do	searchCap	JLDFIL53200	/listInvstg/JLDFIL53200.jsp	⭐b
jldfil53000	pubOfrSchdlAndCap.do	searchPubOfrSchdlAndCapMaster	JLDFIL53000	/listInvstg/JLDFIL53000.jsp	⭐a
jldfil53000n	pubOfrSchdl.do	searchPubOfrSchdl	JLDFIL53100	/listInvstg/JLDFIL53100.jsp	⭐b
jldfil53000n	cap.do	searchCap	JLDFIL53200	/listInvstg/JLDFIL53200.jsp	⭐b
jldfil53000n	pubOfrSchdlAndCap.do	searchPubOfrSchdlAndCapMaster	JLDFIL53000	/listInvstg/JLDFIL53000.jsp	⭐b
jldfil53100	pubOfrSchdl.do	insertPubOfrSchdl	/pubOfrSchdlAndCap.do		c
jldfil53100	pubOfrSchdl.do	searchPubOfrSchdl	JLDFIL53100	/listInvstg/JLDFIL53100.jsp	⭐a
jldfil53100n	pubOfrSchdl.do	insertPubOfrSchdl	/pubOfrSchdlAndCap.do		c
jldfil53100n	pubOfrSchdl.do	searchPubOfrSchdl	JLDFIL53100	/listInvstg/JLDFIL53100.jsp	⭐b
jldfil53200	cap.do	insertCap	/Cap		c
jldfil53200	pubOfrSchdl.do	searchPubOfrSchdl	JLDFIL53100	/listInvstg/JLDFIL53100.jsp	⭐b
jldfil53200n	cap.do	insertCap	/Cap		c
jldfil53200n	pubOfrSchdl.do	searchPubOfrSchdl	JLDFIL53100	/listInvstg/JLDFIL53100.jsp	⭐b
jldfil54000	newPrint.do		reportPostResult		c
jldfil54000n	newPrint.do		reportPostResult		c
jldfil54200	cap.do	insertCap	/Cap		c
jldfil55000	pubOfrRslt.do	searchPubOfrRslt	JLDFIL55100	/listInvstg/JLDFIL55100.jsp	⭐b
jldfil55000	listShrs.do	searchListShrs	JLDFIL55200	/listInvstg/JLDFIL55200.jsp	⭐b
jldfil55000	newListApplContn.do	searchNewListApplContn	JLDFIL55300	/listInvstg/JLDFIL55300.jsp	⭐b
jldfil55000	newListStkcertIsuStat.do	searchStkcertIsuStat	JLDFIL55310	/listInvstg/JLDFIL55310.jsp	⭐b
jldfil55000	newListInvstgMaster.do	searchNewListInvstgMaster	JLDFIL55000	/listInvstg/JLDFIL55000.jsp	⭐a
jldfil55000	newListInvstgMaster.do	searchNewListInvstgMaster	JLDFIL55000	/listInvstg/JLDFIL55000.jsp	⭐a
jldfil55000n	pubOfrRslt.do	searchPubOfrRslt	JLDFIL55100	/listInvstg/JLDFIL55100.jsp	⭐b
jldfil55000n	listShrs.do	searchListShrs	JLDFIL55200	/listInvstg/JLDFIL55200.jsp	⭐b
jldfil55000n	newListApplContn.do	searchNewListApplContn	JLDFIL55300	/listInvstg/JLDFIL55300.jsp	⭐b
jldfil55000n	newListStkcertIsuStat.do	searchStkcertIsuStat	JLDFIL55310	/listInvstg/JLDFIL55310.jsp	⭐b
jldfil55000n	newListInvstgMaster.do	searchNewListInvstgMaster	JLDFIL55000	/listInvstg/JLDFIL55000.jsp	⭐b
jldfil55000n	newListInvstgMaster.do	searchNewListInvstgMaster	JLDFIL55000	/listInvstg/JLDFIL55000.jsp	⭐b
jldfil55100	pubOfrRslt.do	insertPubOfrRslt	/pubOfrRslt.do		c
jldfil55100	newListInvstgMaster.do	searchNewListInvstgMaster	JLDFIL55000	/listInvstg/JLDFIL55000.jsp	⭐b
jldfil55100	pubOfrRslt.do	searchPubOfrRslt	JLDFIL55100	/listInvstg/JLDFIL55100.jsp	⭐a
jldfil55100	listShrs.do	searchListShrs	JLDFIL55200	/listInvstg/JLDFIL55200.jsp	⭐b
jldfil55100	newListApplContn.do	searchNewListApplContn	JLDFIL55300	/listInvstg/JLDFIL55300.jsp	⭐b
jldfil55100	newListStkcertIsuStat.do	searchStkcertIsuStat	JLDFIL55310	/listInvstg/JLDFIL55310.jsp	⭐b
jldfil55100n	pubOfrRslt.do	insertPubOfrRslt	/pubOfrRslt.do		c
jldfil55100n	newListInvstgMaster.do	searchNewListInvstgMaster	JLDFIL55000	/listInvstg/JLDFIL55000.jsp	⭐b
jldfil55100n	pubOfrRslt.do	searchPubOfrRslt	JLDFIL55100	/listInvstg/JLDFIL55100.jsp	⭐b
jldfil55100n	listShrs.do	searchListShrs	JLDFIL55200	/listInvstg/JLDFIL55200.jsp	⭐b
jldfil55100n	newListApplContn.do	searchNewListApplContn	JLDFIL55300	/listInvstg/JLDFIL55300.jsp	⭐b
jldfil55100n	newListStkcertIsuStat.do	searchStkcertIsuStat	JLDFIL55310	/listInvstg/JLDFIL55310.jsp	⭐b
jldfil55200	listShrs.do	insertListShrs	/listShrs.do		c
jldfil55200	listShrs.do	updateListShrs	/listShrs.do		c
jldfil55200	listShrs.do	searchListShrs	JLDFIL55200	/listInvstg/JLDFIL55200.jsp	⭐a
jldfil55200	listShrs.do	searchListShrs	JLDFIL55200	/listInvstg/JLDFIL55200.jsp	⭐a
jldfil55200	newListInvstgMaster.do	searchNewListInvstgMaster	JLDFIL55000	/listInvstg/JLDFIL55000.jsp	⭐b
jldfil55200	pubOfrRslt.do	searchPubOfrRslt	JLDFIL55100	/listInvstg/JLDFIL55100.jsp	⭐b
jldfil55200	listShrs.do	searchListShrs	JLDFIL55200	/listInvstg/JLDFIL55200.jsp	⭐a
jldfil55200	newListApplContn.do	searchNewListApplContn	JLDFIL55300	/listInvstg/JLDFIL55300.jsp	⭐b
jldfil55200	newListStkcertIsuStat.do	searchStkcertIsuStat	JLDFIL55310	/listInvstg/JLDFIL55310.jsp	⭐b
jldfil55200	listShrs.do	searchListShrs	JLDFIL55200	/listInvstg/JLDFIL55200.jsp	⭐a
jldfil55200n	listShrs.do	insertListShrs	/listShrs.do		c
jldfil55200n	listShrs.do	updateListShrs	/listShrs.do		c
jldfil55200n	listShrs.do	searchListShrs	JLDFIL55200	/listInvstg/JLDFIL55200.jsp	⭐b
jldfil55200n	listShrs.do	searchListShrs	JLDFIL55200	/listInvstg/JLDFIL55200.jsp	⭐b
jldfil55200n	newListInvstgMaster.do	searchNewListInvstgMaster	JLDFIL55000	/listInvstg/JLDFIL55000.jsp	⭐b
jldfil55200n	pubOfrRslt.do	searchPubOfrRslt	JLDFIL55100	/listInvstg/JLDFIL55100.jsp	⭐b
jldfil55200n	listShrs.do	searchListShrs	JLDFIL55200	/listInvstg/JLDFIL55200.jsp	⭐b
jldfil55200n	newListApplContn.do	searchNewListApplContn	JLDFIL55300	/listInvstg/JLDFIL55300.jsp	⭐b
jldfil55200n	newListStkcertIsuStat.do	searchStkcertIsuStat	JLDFIL55310	/listInvstg/JLDFIL55310.jsp	⭐b
jldfil55200n2	listShrs.do	insertListShrs	/listShrs.do		c
jldfil55200n2	listShrs.do	updateListShrs	/listShrs.do		c
jldfil55200n2	listShrs.do	searchListShrs	JLDFIL55200	/listInvstg/JLDFIL55200.jsp	⭐b
jldfil55200n2	listShrs.do	searchListShrs	JLDFIL55200	/listInvstg/JLDFIL55200.jsp	⭐b
jldfil55200n2	listShrs.do	searchListShrs	JLDFIL55200	/listInvstg/JLDFIL55200.jsp	⭐b
jldfil55200n2	newListStkcertIsuStat.do	searchStkcertIsuStat	JLDFIL55310	/listInvstg/JLDFIL55310.jsp	⭐b
jldfil55200n2	bbs.do	searchCommentLetterList	JLDFIL51300	/listInvstg/JLDFIL51300.jsp	⭐b
jldfil55200n2	listPrePrtDepo.do	getlistPrePrtDepo	JLDFIL51090	/listInvstg/JLDFIL51090.jsp	⭐b
jldfil55230	preStockDutyPopup.do	insertStockDuty	/JLDFIL55230.jsp	/JLDFIL55230.jsp	⭐a
jldfil55230	preStockDutyPopup.do	deleteStockDuty	/JLDFIL55230.jsp	/JLDFIL55230.jsp	⭐a
jldfil55300	newListApplContn.do	insertNewListApplContn	JLDFIL55300	/listInvstg/JLDFIL55300.jsp	⭐a
jldfil55300	newListInvstgMaster.do	searchNewListInvstgMaster	JLDFIL55000	/listInvstg/JLDFIL55000.jsp	⭐b
jldfil55300	pubOfrRslt.do	searchPubOfrRslt	JLDFIL55100	/listInvstg/JLDFIL55100.jsp	⭐b
jldfil55300	listShrs.do	searchListShrs	JLDFIL55200	/listInvstg/JLDFIL55200.jsp	⭐b
jldfil55300	newListApplContn.do	searchNewListApplContn	JLDFIL55300	/listInvstg/JLDFIL55300.jsp	⭐a
jldfil55300	newListStkcertIsuStat.do	searchStkcertIsuStat	JLDFIL55310	/listInvstg/JLDFIL55310.jsp	⭐b
jldfil55300n	newListApplContn.do	insertNewListApplContn	JLDFIL55300	/listInvstg/JLDFIL55300.jsp	⭐b
jldfil55300n	newListInvstgMaster.do	searchNewListInvstgMaster	JLDFIL55000	/listInvstg/JLDFIL55000.jsp	⭐b
jldfil55300n	pubOfrRslt.do	searchPubOfrRslt	JLDFIL55100	/listInvstg/JLDFIL55100.jsp	⭐b
jldfil55300n	listShrs.do	searchListShrs	JLDFIL55200	/listInvstg/JLDFIL55200.jsp	⭐b
jldfil55300n	newListApplContn.do	searchNewListApplContn	JLDFIL55300	/listInvstg/JLDFIL55300.jsp	⭐b
jldfil55300n	newListStkcertIsuStat.do	searchStkcertIsuStat	JLDFIL55310	/listInvstg/JLDFIL55310.jsp	⭐b
jldfil55310	newListStkcertIsuStat.do	searchStkcertIsuStatDtl	JLDFIL55320	/listInvstg/JLDFIL55320.jsp	⭐b
jldfil55310	newListInvstgMaster.do	searchNewListInvstgMaster	JLDFIL55000	/listInvstg/JLDFIL55000.jsp	⭐b
jldfil55310	pubOfrRslt.do	searchPubOfrRslt	JLDFIL55100	/listInvstg/JLDFIL55100.jsp	⭐b
jldfil55310	listShrs.do	searchListShrs	JLDFIL55200	/listInvstg/JLDFIL55200.jsp	⭐b
jldfil55310	newListApplContn.do	searchNewListApplContn	JLDFIL55300	/listInvstg/JLDFIL55300.jsp	⭐b
jldfil55310	newListStkcertIsuStat.do	searchStkcertIsuStat	JLDFIL55310	/listInvstg/JLDFIL55310.jsp	⭐a
jldfil55310n	newListStkcertIsuStat.do	searchStkcertIsuStatDtl	JLDFIL55320	/listInvstg/JLDFIL55320.jsp	⭐b
jldfil55310n	newListInvstgMaster.do	searchNewListInvstgMaster	JLDFIL55000	/listInvstg/JLDFIL55000.jsp	⭐b
jldfil55310n	pubOfrRslt.do	searchPubOfrRslt	JLDFIL55100	/listInvstg/JLDFIL55100.jsp	⭐b
jldfil55310n	listShrs.do	searchListShrs	JLDFIL55200	/listInvstg/JLDFIL55200.jsp	⭐b
jldfil55310n	newListApplContn.do	searchNewListApplContn	JLDFIL55300	/listInvstg/JLDFIL55300.jsp	⭐b
jldfil55310n	newListStkcertIsuStat.do	searchStkcertIsuStat	JLDFIL55310	/listInvstg/JLDFIL55310.jsp	⭐b
jldfil55310n2	newListStkcertIsuStat.do	searchStkcertIsuStatDtl	JLDFIL55320	/listInvstg/JLDFIL55320.jsp	⭐b
jldfil55310n2	newListInvstgMaster.do	searchNewListInvstgMaster	JLDFIL55000	/listInvstg/JLDFIL55000.jsp	⭐b
jldfil55310n2	pubOfrRslt.do	searchPubOfrRslt	JLDFIL55100	/listInvstg/JLDFIL55100.jsp	⭐b
jldfil55310n2	listShrs.do	searchListShrs	JLDFIL55200	/listInvstg/JLDFIL55200.jsp	⭐b
jldfil55310n2	newListApplContn.do	searchNewListApplContn	JLDFIL55300	/listInvstg/JLDFIL55300.jsp	⭐b
jldfil55310n2	newListStkcertIsuStat.do	searchStkcertIsuStat	JLDFIL55310	/listInvstg/JLDFIL55310.jsp	⭐b
jldfil55310n2	listShrs.do	searchListShrs	JLDFIL55200	/listInvstg/JLDFIL55200.jsp	⭐b
jldfil55310n2	newListStkcertIsuStat.do	searchStkcertIsuStat	JLDFIL55310	/listInvstg/JLDFIL55310.jsp	⭐b
jldfil55310n2	bbs.do	searchCommentLetterList	JLDFIL51300	/listInvstg/JLDFIL51300.jsp	⭐b
jldfil55310n2	listPrePrtDepo.do	getlistPrePrtDepo	JLDFIL51090	/listInvstg/JLDFIL51090.jsp	⭐b
jldfil55320	newListStkcertIsuStat.do	insertStkcertIsuStatDtl	/newListStkcertIsuStat.do		c
jldfil55320	newListStkcertIsuStat.do	searchStkcertIsuStat	JLDFIL55310	/listInvstg/JLDFIL55310.jsp	⭐b
jldfil55320	pubOfrRslt.do	searchPubOfrRslt	JLDFIL55100	/listInvstg/JLDFIL55100.jsp	⭐b
jldfil55320	listShrs.do	searchListShrs	JLDFIL55200	/listInvstg/JLDFIL55200.jsp	⭐b
jldfil55320	newListApplContn.do	searchNewListApplContn	JLDFIL55300	/listInvstg/JLDFIL55300.jsp	⭐b
jldfil55320	newListStkcertIsuStat.do	searchStkcertIsuStat	JLDFIL55310	/listInvstg/JLDFIL55310.jsp	⭐b
jldfil55320n	newListStkcertIsuStat.do	insertStkcertIsuStatDtl	/newListStkcertIsuStat.do		c
jldfil55320n	newListStkcertIsuStat.do	searchStkcertIsuStat	JLDFIL55310	/listInvstg/JLDFIL55310.jsp	⭐b
jldfil55320n	pubOfrRslt.do	searchPubOfrRslt	JLDFIL55100	/listInvstg/JLDFIL55100.jsp	⭐b
jldfil55320n	listShrs.do	searchListShrs	JLDFIL55200	/listInvstg/JLDFIL55200.jsp	⭐b
jldfil55320n	newListApplContn.do	searchNewListApplContn	JLDFIL55300	/listInvstg/JLDFIL55300.jsp	⭐b
jldfil55320n	newListStkcertIsuStat.do	searchStkcertIsuStat	JLDFIL55310	/listInvstg/JLDFIL55310.jsp	⭐b
jldfil55320n	listShrs.do	searchListShrs	JLDFIL55200	/listInvstg/JLDFIL55200.jsp	⭐b
jldfil55320n	newListStkcertIsuStat.do	searchStkcertIsuStat	JLDFIL55310	/listInvstg/JLDFIL55310.jsp	⭐b
jldfil55320n	bbs.do	searchCommentLetterList	JLDFIL51300	/listInvstg/JLDFIL51300.jsp	⭐b
jldfil55320n	listPrePrtDepo.do	getlistPrePrtDepo	JLDFIL51090	/listInvstg/JLDFIL51090.jsp	⭐b
jldfil55320n2	newListStkcertIsuStat.do	insertStkcertIsuStatDtl	/newListStkcertIsuStat.do		c
jldfil55320n2	newListStkcertIsuStat.do	searchStkcertIsuStat	JLDFIL55310	/listInvstg/JLDFIL55310.jsp	⭐b
jldfil55320n2	pubOfrRslt.do	searchPubOfrRslt	JLDFIL55100	/listInvstg/JLDFIL55100.jsp	⭐b
jldfil55320n2	listShrs.do	searchListShrs	JLDFIL55200	/listInvstg/JLDFIL55200.jsp	⭐b
jldfil55320n2	newListApplContn.do	searchNewListApplContn	JLDFIL55300	/listInvstg/JLDFIL55300.jsp	⭐b
jldfil55320n2	newListStkcertIsuStat.do	searchStkcertIsuStat	JLDFIL55310	/listInvstg/JLDFIL55310.jsp	⭐b
jldfil55400	newListInvstgMaster.do	searchNewListInvstgMaster	JLDFIL55000	/listInvstg/JLDFIL55000.jsp	⭐b
jldfil55400	pubOfrRslt.do	searchPubOfrRslt	JLDFIL55100	/listInvstg/JLDFIL55100.jsp	⭐b
jldfil55400	listShrs.do	searchListShrs	JLDFIL55200	/listInvstg/JLDFIL55200.jsp	⭐b
jldfil55400	newListApplContn.do	searchNewListApplContn	JLDFIL55300	/listInvstg/JLDFIL55300.jsp	⭐b
jldfil55400	newListStkcertIsuStat.do	searchStkcertIsuStat	JLDFIL55310	/listInvstg/JLDFIL55310.jsp	⭐b
jldfil55400n	newListInvstgMaster.do	searchNewListInvstgMaster	JLDFIL55000	/listInvstg/JLDFIL55000.jsp	⭐b
jldfil55400n	pubOfrRslt.do	searchPubOfrRslt	JLDFIL55100	/listInvstg/JLDFIL55100.jsp	⭐b
jldfil55400n	listShrs.do	searchListShrs	JLDFIL55200	/listInvstg/JLDFIL55200.jsp	⭐b
jldfil55400n	newListApplContn.do	searchNewListApplContn	JLDFIL55300	/listInvstg/JLDFIL55300.jsp	⭐b
jldfil55400n	newListStkcertIsuStat.do	searchStkcertIsuStat	JLDFIL55310	/listInvstg/JLDFIL55310.jsp	⭐b
jldfil55900	personalAccess.do	modifyPersonalAccess	/personalAccess.do?method=searchPersonalAccess&amp;modifyComplete=Y		c
jldfil57000	bbs.do	writeQna	JLDFIL57001	/listInvstg/JLDFIL57001.jsp	⭐b
jldfil57000	bbs.do	searchQnaList	JLDFIL57000	/listInvstg/JLDFIL57000.jsp	⭐a
jldfil57000	bbs.do	searchQnaView	JLDFIL57002	/listInvstg/JLDFIL57002.jsp	⭐b
jldfil57000n	bbs.do	writeQna	JLDFIL57001	/listInvstg/JLDFIL57001.jsp	⭐b
jldfil57000n	bbs.do	searchQnaList	JLDFIL57000	/listInvstg/JLDFIL57000.jsp	⭐b
jldfil57000n	bbs.do	searchQnaView	JLDFIL57002	/listInvstg/JLDFIL57002.jsp	⭐b
jldfil57001	bbs.do	searchQnaList	JLDFIL57000	/listInvstg/JLDFIL57000.jsp	⭐b
jldfil57001n	bbs.do	searchQnaList	JLDFIL57000	/listInvstg/JLDFIL57000.jsp	⭐b
jldfil57002	bbs.do	searchQnaList	JLDFIL57000	/listInvstg/JLDFIL57000.jsp	⭐b
jldfil57002	bbs.do	modifyQna	JLDFIL57001	/listInvstg/JLDFIL57001.jsp	⭐b
jldfil57002n	bbs.do	searchQnaList	JLDFIL57000	/listInvstg/JLDFIL57000.jsp	⭐b
jldfil57002n	bbs.do	modifyQna	JLDFIL57001	/listInvstg/JLDFIL57001.jsp	⭐b
jldfil58000	bbs.do	searchPdsList	JLDFIL58000	/listInvstg/JLDFIL58000.jsp	⭐a
jldfil58000	bbs.do	searchPdsView	JLDFIL58001	/listInvstg/JLDFIL58001.jsp	⭐b
jldfil58000n	bbs.do	searchPdsList	JLDFIL58000	/listInvstg/JLDFIL58000.jsp	⭐b
jldfil58000n	bbs.do	searchPdsView	JLDFIL58001	/listInvstg/JLDFIL58001.jsp	⭐b
jldfil58001	bbs.do	searchPdsList	JLDFIL58000	/listInvstg/JLDFIL58000.jsp	⭐b
jldfil70802	ajaxIdxCdEarlyRedmptCheck.do	ajaxIdxCdEarlyRedmptCheck	sendEarlyRedmptData	/etn/sendEarlyRedmptData.jsp	⭐b
jldfil70803	ajaxIdxCdEarlyRedmptCheck.do	ajaxIdxCdEarlyRedmptCheck	sendEarlyRedmptData	/etn/sendEarlyRedmptData.jsp	⭐b
jldfil71301	DigitalCommonNotiList.do	getDigitalCommonNotiList	JLDFIL71301	/digital/JLDFIL71301.jsp	⭐a
jldfil71301	DigitalCommonNoti.do	editForm	JLDFIL71302	/digital/JLDFIL71302.jsp	⭐b
jldfil71301	DigitalCommonNotiList.do		JLDFIL71301	/digital/JLDFIL71301.jsp	⭐a
jldfil71302	DigitalCommonNoti.do	write	JLDFIL71302	/digital/JLDFIL71302.jsp	⭐a
jldfil71302	DigitalCommonNoti.do	deleteDigital	JLDFIL71302	/digital/JLDFIL71302.jsp	⭐a
jldfil71302	DigitalCommonNoti.do	editForm	JLDFIL71302	/digital/JLDFIL71302.jsp	⭐a
jldfil71302	DigitalCommonNotiList.do	downloadFile	JLDFIL71301	/digital/JLDFIL71301.jsp	⭐b
jldfil71302	DigitalCommonNotiList.do	chkIsurCd	JLDFIL71301	/digital/JLDFIL71301.jsp	⭐b
jldfil71302	DigitalCommonNoti.do		JLDFIL71302	/digital/JLDFIL71302.jsp	⭐a
jldfil71401	DigitalCommonNoti.do	loadDetail	JLDFIL71302	/digital/JLDFIL71302.jsp	⭐b
jldfil71401	digitalIdAssgnStat.do	getdigitalIdAssgnStat	JLDFIL71401	/digital/JLDFIL71401.jsp	⭐a
jldfil71402	digitalIdAssgnPop.do	assgnId	JLDFIL71402	/digital/JLDFIL71402.jsp	⭐a
jldfil71402	digitalIdAssgnPop.do		JLDFIL71402	/digital/JLDFIL71402.jsp	⭐a
jldfil72100	DigitalEtcMarketMgt.do	searchDigitalMarketManagement	JLDFIL72100	/digital/JLDFIL72100.jsp	⭐a
jldinf00000	login.do		/example/welcome.jsp	/example/welcome.jsp	⭐b
jldinf00000	login.do		/example/welcome.jsp	/example/welcome.jsp	⭐b
jldinf15000	newPrint.do		reportPostResult		c
jldinf50100	newPrint.do		reportPostResult		c
jldinf50200	newPrint.do		reportPostResult		c
jldinf91000	newPrint.do		reportPostResult		c
jldinf91200	newPrint.do		reportPostResult		c
jldinf91300	newPrint.do		reportPostResult		c
jldinf91400	newPrint.do		reportPostResult		c
jldinf91500	newPrint.do		reportPostResult		c
jldinf91600	newPrint.do		reportPostResult		c
jldinf91700	newPrint.do		reportPostResult		c
jldinf91800	newPrint.do		reportPostResult		c
jldinf92100	newPrint.do		reportPostResult		c
jldinf92200	newPrint.do		reportPostResult		c
jldinf92400	newPrint.do		reportPostResult		c
jldods10000	login.do		/example/welcome.jsp	/example/welcome.jsp	⭐b
jldods10000	login.do		/example/welcome.jsp	/example/welcome.jsp	⭐b
jldods10000	checkServiced.do	checkServiced	sendResultServiced	/common/sendResultServiced.jsp	⭐b
jldods10010	login.do	isBeforePw	/example/welcome.jsp	/example/welcome.jsp	⭐b
jldods10010	checkSafety.do	checkPWSafety	sendResult	/main/sendResult.jsp	⭐b
jldods16000	login.do	isBeforePw	/example/welcome.jsp	/example/welcome.jsp	⭐b
jldods16010	login.do	isBeforePw	/example/welcome.jsp	/example/welcome.jsp	⭐b
jldods16010	checkSafety.do	checkPWSafety	sendResult	/main/sendResult.jsp	⭐b
jldods16010	checkSafety.do	makePhoneAuth	sendResult	/main/sendResult.jsp	⭐b
jldods70001	disclosurereg.do		JLDFIL00005	/submission/JLDFIL00005.jsp	⭐b
jldods70001	checkServiced.do	checkServiced	sendResultServiced	/common/sendResultServiced.jsp	⭐b
jldods70001_create	disclosurereg.do		JLDFIL00005	/submission/JLDFIL00005.jsp	⭐b
jldods70001_create	checkServiced.do	checkServiced	sendResultServiced	/common/sendResultServiced.jsp	⭐b
jldstf07230	bbs.do	writeCommentLetter	JLDFIL51310	/listInvstg/JLDFIL51310.jsp	⭐b
jldstf07230	bbs.do	searchCommentLetterList	JLDFIL51300	/listInvstg/JLDFIL51300.jsp	⭐b
jldstf07230	bbs.do	searchCommentLetterView	JLDFIL51320	/listInvstg/JLDFIL51320.jsp	⭐b
jldstf07231	bbs.do	searchCommentLetterList	JLDFIL51300	/listInvstg/JLDFIL51300.jsp	⭐b
jldstf07232	bbs.do	searchCommentLetterList	JLDFIL51300	/listInvstg/JLDFIL51300.jsp	⭐b
jldstf07232	bbs.do	modifyCommentLetter	JLDFIL51310	/listInvstg/JLDFIL51310.jsp	⭐b
jldstf07232	bbs.do	writeCommentLetter	JLDFIL51310	/listInvstg/JLDFIL51310.jsp	⭐b
jldstf07232	bbs.do	writeCommentLetter	JLDFIL51310	/listInvstg/JLDFIL51310.jsp	⭐b
jldstf07420	bbs.do	writeCommentLetter	JLDFIL51310	/listInvstg/JLDFIL51310.jsp	⭐b
jldstf07420	bbs.do	searchCommentLetterList	JLDFIL51300	/listInvstg/JLDFIL51300.jsp	⭐b
jldstf07420	bbs.do	searchCommentLetterView	JLDFIL51320	/listInvstg/JLDFIL51320.jsp	⭐b
jldstf07421	bbs.do	searchCommentLetterList	JLDFIL51300	/listInvstg/JLDFIL51300.jsp	⭐b
jldstf07422	bbs.do	searchCommentLetterList	JLDFIL51300	/listInvstg/JLDFIL51300.jsp	⭐b
jldstf07422	bbs.do	modifyCommentLetter	JLDFIL51310	/listInvstg/JLDFIL51310.jsp	⭐b
jldstf07422	bbs.do	writeCommentLetter	JLDFIL51310	/listInvstg/JLDFIL51310.jsp	⭐b
jldstf07422	bbs.do	writeCommentLetter	JLDFIL51310	/listInvstg/JLDFIL51310.jsp	⭐b
pop_20080917	basicPopup.do	popupFileDown	basicPopup	/common/basicPopup.jsp	⭐b
pop_20081021	basicPopup.do	popupFileDown	basicPopup	/common/basicPopup.jsp	⭐b
pop_20081105	basicPopup.do	popupFileDown	basicPopup	/common/basicPopup.jsp	⭐b
pop_20090630	basicPopup.do	popupFileDown	basicPopup	/common/basicPopup.jsp	⭐b
pop_20090720	basicPopup.do	popupFileDown	basicPopup	/common/basicPopup.jsp	⭐b
pop_20090803	basicPopup.do	popupFileDown	basicPopup	/common/basicPopup.jsp	⭐b
pop_20090820	basicPopup.do	popupFileDown	basicPopup	/common/basicPopup.jsp	⭐b
pop_20090904	basicPopup.do	popupFileDown	basicPopup	/common/basicPopup.jsp	⭐b
pop_20091006	basicPopup.do	popupFileDown	basicPopup	/common/basicPopup.jsp	⭐b
pop_20091016	basicPopup.do	popupFileDown	basicPopup	/common/basicPopup.jsp	⭐b
pop_20091026	basicPopup.do	popupFileDown	basicPopup	/common/basicPopup.jsp	⭐b
pop_20091130	basicPopup.do	popupFileDown	basicPopup	/common/basicPopup.jsp	⭐b
pop_20091222	basicPopup.do	popupFileDown	basicPopup	/common/basicPopup.jsp	⭐b
pop_20100115_1	basicPopup.do	popupFileDown	basicPopup	/common/basicPopup.jsp	⭐b
pop_20100115_2	basicPopup.do	popupFileDown	basicPopup	/common/basicPopup.jsp	⭐b
pop_20100129	basicPopup.do	popupFileDown	basicPopup	/common/basicPopup.jsp	⭐b
pop_20100319	basicPopup.do	popupFileDown	basicPopup	/common/basicPopup.jsp	⭐b
pop_20100323	basicPopup.do	popupFileDown	basicPopup	/common/basicPopup.jsp	⭐b
pop_20100326	basicPopup.do	popupFileDown	basicPopup	/common/basicPopup.jsp	⭐b
pop_20100422_1	basicPopup.do	popupFileDown	basicPopup	/common/basicPopup.jsp	⭐b
pop_20100422_2	basicPopup.do	popupFileDown	basicPopup	/common/basicPopup.jsp	⭐b
pop_20100802	basicPopup.do	popupFileDown	basicPopup	/common/basicPopup.jsp	⭐b
pop_20100816	basicPopup.do	popupFileDown	basicPopup	/common/basicPopup.jsp	⭐b
pop_20100902	basicPopup.do	popupFileDown	basicPopup	/common/basicPopup.jsp	⭐b
pop_20100929	basicPopup.do	popupFileDown	basicPopup	/common/basicPopup.jsp	⭐b
pop_20101004	basicPopup.do	popupFileDown	basicPopup	/common/basicPopup.jsp	⭐b
pop_20101109	basicPopup.do	popupFileDown	basicPopup	/common/basicPopup.jsp	⭐b
pop_20110111	basicPopup.do	popupFileDown	basicPopup	/common/basicPopup.jsp	⭐b
pop_20110114_1	basicPopup.do	popupFileDown	basicPopup	/common/basicPopup.jsp	⭐b
pop_20110114_2	basicPopup.do	popupFileDown	basicPopup	/common/basicPopup.jsp	⭐b
pop_20110317	basicPopup.do	popupFileDown	basicPopup	/common/basicPopup.jsp	⭐b
pop_20110318	basicPopup.do	popupFileDown	basicPopup	/common/basicPopup.jsp	⭐b
pop_20110331	basicPopup.do	popupFileDown	basicPopup	/common/basicPopup.jsp	⭐b
pop_20110812	basicPopup.do	popupFileDown	basicPopup	/common/basicPopup.jsp	⭐b
pop_20110822	basicPopup.do	popupFileDown	basicPopup	/common/basicPopup.jsp	⭐b
pop_20110914	basicPopup.do	popupFileDown	basicPopup	/common/basicPopup.jsp	⭐b
pop_20111116	basicPopup.do	popupFileDown	basicPopup	/common/basicPopup.jsp	⭐b
pop_20120106	basicPopup.do	popupFileDown	basicPopup	/common/basicPopup.jsp	⭐b
pop_20120112	basicPopup.do	popupFileDown	basicPopup	/common/basicPopup.jsp	⭐b
pop_20120118	basicPopup.do	popupFileDown	basicPopup	/common/basicPopup.jsp	⭐b
pop_20120222	basicPopup.do	popupFileDown	basicPopup	/common/basicPopup.jsp	⭐b
pop_20120302	basicPopup.do	popupFileDown	basicPopup	/common/basicPopup.jsp	⭐b
pop_20120315	basicPopup.do	popupFileDown	basicPopup	/common/basicPopup.jsp	⭐b
pop_20120319	basicPopup.do	popupFileDown	basicPopup	/common/basicPopup.jsp	⭐b
pop_20120418	basicPopup.do	popupFileDown	basicPopup	/common/basicPopup.jsp	⭐b
pop_20120419	basicPopup.do	popupFileDown	basicPopup	/common/basicPopup.jsp	⭐b
pop_20120502	basicPopup.do	popupFileDown	basicPopup	/common/basicPopup.jsp	⭐b
pop_20120605_1	basicPopup.do	popupFileDown	basicPopup	/common/basicPopup.jsp	⭐b
pop_20120605_2	basicPopup.do	popupFileDown	basicPopup	/common/basicPopup.jsp	⭐b
pop_20120611	basicPopup.do	popupFileDown	basicPopup	/common/basicPopup.jsp	⭐b
pop_20120702	basicPopup.do	popupFileDown	basicPopup	/common/basicPopup.jsp	⭐b
pop_20120705	basicPopup.do	popupFileDown	basicPopup	/common/basicPopup.jsp	⭐b
pop_20120813	basicPopup.do	popupFileDown	basicPopup	/common/basicPopup.jsp	⭐b
pop_20120828	basicPopup.do	popupFileDown	basicPopup	/common/basicPopup.jsp	⭐b
pop_20121102	basicPopup.do	popupFileDown	basicPopup	/common/basicPopup.jsp	⭐b
pop_20121120	basicPopup.do	popupFileDown	basicPopup	/common/basicPopup.jsp	⭐b
pop_20130109	basicPopup.do	popupFileDown	basicPopup	/common/basicPopup.jsp	⭐b
pop_20130114	basicPopup.do	popupFileDown	basicPopup	/common/basicPopup.jsp	⭐b
pop_20130118	basicPopup.do	popupFileDown	basicPopup	/common/basicPopup.jsp	⭐b
pop_20130318	basicPopup.do	popupFileDown	basicPopup	/common/basicPopup.jsp	⭐b
pop_20130514	basicPopup.do	popupFileDown	basicPopup	/common/basicPopup.jsp	⭐b
pop_20140107_1	basicPopup.do	popupFileDown	basicPopup	/common/basicPopup.jsp	⭐b
pop_20140117	basicPopup.do	popupFileDown	basicPopup	/common/basicPopup.jsp	⭐b
pop_20140212_1	basicPopup.do	popupFileDown	basicPopup	/common/basicPopup.jsp	⭐b
pop_20140219_2	basicPopup.do	popupFileDown	basicPopup	/common/basicPopup.jsp	⭐b
pop_20140303	basicPopup.do	popupFileDown	basicPopup	/common/basicPopup.jsp	⭐b
pop_20140312	basicPopup.do	popupFileDown	basicPopup	/common/basicPopup.jsp	⭐b
pop_20140320	basicPopup.do	popupFileDown	basicPopup	/common/basicPopup.jsp	⭐b
pop_20140421	basicPopup.do	popupFileDown	basicPopup	/common/basicPopup.jsp	⭐b
pop_20140617	basicPopup.do	popupFileDown	basicPopup	/common/basicPopup.jsp	⭐b
pop_20140818	basicPopup.do	popupFileDown	basicPopup	/common/basicPopup.jsp	⭐b
pop_20150113	basicPopup.do	popupFileDown	basicPopup	/common/basicPopup.jsp	⭐b
pop_20150114	basicPopup.do	popupFileDown	basicPopup	/common/basicPopup.jsp	⭐b
pop_20150115	basicPopup.do	popupFileDown	basicPopup	/common/basicPopup.jsp	⭐b
pop_20150204	basicPopup.do	popupFileDown	basicPopup	/common/basicPopup.jsp	⭐b
pop_20150211	basicPopup.do	popupFileDown	basicPopup	/common/basicPopup.jsp	⭐b
pop_20150217	basicPopup.do	popupFileDown	basicPopup	/common/basicPopup.jsp	⭐b
pop_20150319	basicPopup.do	popupFileDown	basicPopup	/common/basicPopup.jsp	⭐b
pop_2016011511	basicPopup.do	popupFileDown	basicPopup	/common/basicPopup.jsp	⭐b
pop_2016011521	basicPopup.do	popupFileDown	basicPopup	/common/basicPopup.jsp	⭐b
pop_2017011611	basicPopup.do	popupFileDown	basicPopup	/common/basicPopup.jsp	⭐b
pop_2017011621	basicPopup.do	popupFileDown	basicPopup	/common/basicPopup.jsp	⭐b
pop_annualfeepay2	basicPopup.do	popupFileDown	basicPopup	/common/basicPopup.jsp	⭐b
pop_roadnmaddrchgappl	roadZipAppl.do	addrChgApply	addrChgApplForm	/main/pop/pop_roadNmAddrChgAppl.jsp	⭐a
pop_roadnmaddrchgappl	roadZipAppl.do		addrChgApplForm	/main/pop/pop_roadNmAddrChgAppl.jsp	⭐a
